"Program","Year","Period","Week Ending","Geo Level","State","State ANSI","Ag District","Ag District Code","County","County ANSI","Zip Code","Region","watershed_code","Watershed","Commodity","Data Item","Domain","Domain Category","Value","CV (%)"
"SURVEY","2019","JAN","","NATIONAL","US TOTAL","","","","","","","","00000000","","BUTTER","BUTTER - PRODUCTION, MEASURED IN LB","TOTAL","NOT SPECIFIED","189,642,000",""
"SURVEY","2019","FEB","","NATIONAL","US TOTAL","","","","","","","","00000000","","BUTTER","BUTTER - PRODUCTION, MEASURED IN LB","TOTAL","NOT SPECIFIED","164,525,000",""
"SURVEY","2019","MAR","","NATIONAL","US TOTAL","","","","","","","","00000000","","BUTTER","BUTTER - PRODUCTION, MEASURED IN LB","TOTAL","NOT SPECIFIED","173,558,000",""
"SURVEY","2019","APR","","NATIONAL","US TOTAL","","","","","","","","00000000","","BUTTER","BUTTER - PRODUCTION, MEASURED IN LB","TOTAL","NOT SPECIFIED","164,674,000",""
"SURVEY","2019","MAY","","NATIONAL","US TOTAL","","","","","","","","00000000","","BUTTER","BUTTER - PRODUCTION, MEASURED IN LB","TOTAL","NOT SPECIFIED","160,945,000",""
"SURVEY","2019","JUN","","NATIONAL","US TOTAL","","","","","","","","00000000","","BUTTER","BUTTER - PRODUCTION, MEASURED IN LB","TOTAL","NOT SPECIFIED","144,801,000",""
"SURVEY","2019","JUL","","NATIONAL","US TOTAL","","","","","","","","00000000","","BUTTER","BUTTER - PRODUCTION, MEASURED IN LB","TOTAL","NOT SPECIFIED","142,687,000",""
"SURVEY","2018","JAN","","NATIONAL","US TOTAL","","","","","","","","00000000","","BUTTER","BUTTER - PRODUCTION, MEASURED IN LB","TOTAL","NOT SPECIFIED","182,143,000",""
"SURVEY","2018","FEB","","NATIONAL","US TOTAL","","","","","","","","00000000","","BUTTER","BUTTER - PRODUCTION, MEASURED IN LB","TOTAL","NOT SPECIFIED","167,669,000",""
"SURVEY","2018","MAR","","NATIONAL","US TOTAL","","","","","","","","00000000","","BUTTER","BUTTER - PRODUCTION, MEASURED IN LB","TOTAL","NOT SPECIFIED","181,847,000",""
"SURVEY","2018","APR","","NATIONAL","US TOTAL","","","","","","","","00000000","","BUTTER","BUTTER - PRODUCTION, MEASURED IN LB","TOTAL","NOT SPECIFIED","175,216,000",""
"SURVEY","2018","MAY","","NATIONAL","US TOTAL","","","","","","","","00000000","","BUTTER","BUTTER - PRODUCTION, MEASURED IN LB","TOTAL","NOT SPECIFIED","170,122,000",""
"SURVEY","2018","JUN","","NATIONAL","US TOTAL","","","","","","","","00000000","","BUTTER","BUTTER - PRODUCTION, MEASURED IN LB","TOTAL","NOT SPECIFIED","142,122,000",""
"SURVEY","2018","JUL","","NATIONAL","US TOTAL","","","","","","","","00000000","","BUTTER","BUTTER - PRODUCTION, MEASURED IN LB","TOTAL","NOT SPECIFIED","134,564,000",""
"SURVEY","2018","AUG","","NATIONAL","US TOTAL","","","","","","","","00000000","","BUTTER","BUTTER - PRODUCTION, MEASURED IN LB","TOTAL","NOT SPECIFIED","133,571,000",""
"SURVEY","2018","SEP","","NATIONAL","US TOTAL","","","","","","","","00000000","","BUTTER","BUTTER - PRODUCTION, MEASURED IN LB","TOTAL","NOT SPECIFIED","135,041,000",""
"SURVEY","2018","OCT","","NATIONAL","US TOTAL","","","","","","","","00000000","","BUTTER","BUTTER - PRODUCTION, MEASURED IN LB","TOTAL","NOT SPECIFIED","148,896,000",""
"SURVEY","2018","NOV","","NATIONAL","US TOTAL","","","","","","","","00000000","","BUTTER","BUTTER - PRODUCTION, MEASURED IN LB","TOTAL","NOT SPECIFIED","149,428,000",""
"SURVEY","2018","DEC","","NATIONAL","US TOTAL","","","","","","","","00000000","","BUTTER","BUTTER - PRODUCTION, MEASURED IN LB","TOTAL","NOT SPECIFIED","170,388,000",""
"SURVEY","2017","JAN","","NATIONAL","US TOTAL","","","","","","","","00000000","","BUTTER","BUTTER - PRODUCTION, MEASURED IN LB","TOTAL","NOT SPECIFIED","178,060,000",""
"SURVEY","2017","FEB","","NATIONAL","US TOTAL","","","","","","","","00000000","","BUTTER","BUTTER - PRODUCTION, MEASURED IN LB","TOTAL","NOT SPECIFIED","161,013,000",""
"SURVEY","2017","MAR","","NATIONAL","US TOTAL","","","","","","","","00000000","","BUTTER","BUTTER - PRODUCTION, MEASURED IN LB","TOTAL","NOT SPECIFIED","177,021,000",""
"SURVEY","2017","APR","","NATIONAL","US TOTAL","","","","","","","","00000000","","BUTTER","BUTTER - PRODUCTION, MEASURED IN LB","TOTAL","NOT SPECIFIED","161,956,000",""
"SURVEY","2017","MAY","","NATIONAL","US TOTAL","","","","","","","","00000000","","BUTTER","BUTTER - PRODUCTION, MEASURED IN LB","TOTAL","NOT SPECIFIED","163,397,000",""
"SURVEY","2017","JUN","","NATIONAL","US TOTAL","","","","","","","","00000000","","BUTTER","BUTTER - PRODUCTION, MEASURED IN LB","TOTAL","NOT SPECIFIED","139,200,000",""
"SURVEY","2017","JUL","","NATIONAL","US TOTAL","","","","","","","","00000000","","BUTTER","BUTTER - PRODUCTION, MEASURED IN LB","TOTAL","NOT SPECIFIED","135,625,000",""
"SURVEY","2017","AUG","","NATIONAL","US TOTAL","","","","","","","","00000000","","BUTTER","BUTTER - PRODUCTION, MEASURED IN LB","TOTAL","NOT SPECIFIED","131,152,000",""
"SURVEY","2017","SEP","","NATIONAL","US TOTAL","","","","","","","","00000000","","BUTTER","BUTTER - PRODUCTION, MEASURED IN LB","TOTAL","NOT SPECIFIED","134,552,000",""
"SURVEY","2017","OCT","","NATIONAL","US TOTAL","","","","","","","","00000000","","BUTTER","BUTTER - PRODUCTION, MEASURED IN LB","TOTAL","NOT SPECIFIED","144,671,000",""
"SURVEY","2017","NOV","","NATIONAL","US TOTAL","","","","","","","","00000000","","BUTTER","BUTTER - PRODUCTION, MEASURED IN LB","TOTAL","NOT SPECIFIED","149,721,000",""
"SURVEY","2017","DEC","","NATIONAL","US TOTAL","","","","","","","","00000000","","BUTTER","BUTTER - PRODUCTION, MEASURED IN LB","TOTAL","NOT SPECIFIED","171,105,000",""
"SURVEY","2016","JAN","","NATIONAL","US TOTAL","","","","","","","","00000000","","BUTTER","BUTTER - PRODUCTION, MEASURED IN LB","TOTAL","NOT SPECIFIED","170,746,000",""
"SURVEY","2016","FEB","","NATIONAL","US TOTAL","","","","","","","","00000000","","BUTTER","BUTTER - PRODUCTION, MEASURED IN LB","TOTAL","NOT SPECIFIED","168,272,000",""
"SURVEY","2016","MAR","","NATIONAL","US TOTAL","","","","","","","","00000000","","BUTTER","BUTTER - PRODUCTION, MEASURED IN LB","TOTAL","NOT SPECIFIED","174,916,000",""
"SURVEY","2016","APR","","NATIONAL","US TOTAL","","","","","","","","00000000","","BUTTER","BUTTER - PRODUCTION, MEASURED IN LB","TOTAL","NOT SPECIFIED","171,210,000",""
"SURVEY","2016","MAY","","NATIONAL","US TOTAL","","","","","","","","00000000","","BUTTER","BUTTER - PRODUCTION, MEASURED IN LB","TOTAL","NOT SPECIFIED","166,178,000",""
"SURVEY","2016","JUN","","NATIONAL","US TOTAL","","","","","","","","00000000","","BUTTER","BUTTER - PRODUCTION, MEASURED IN LB","TOTAL","NOT SPECIFIED","147,705,000",""
"SURVEY","2016","JUL","","NATIONAL","US TOTAL","","","","","","","","00000000","","BUTTER","BUTTER - PRODUCTION, MEASURED IN LB","TOTAL","NOT SPECIFIED","135,169,000",""
"SURVEY","2016","AUG","","NATIONAL","US TOTAL","","","","","","","","00000000","","BUTTER","BUTTER - PRODUCTION, MEASURED IN LB","TOTAL","NOT SPECIFIED","123,523,000",""
"SURVEY","2016","SEP","","NATIONAL","US TOTAL","","","","","","","","00000000","","BUTTER","BUTTER - PRODUCTION, MEASURED IN LB","TOTAL","NOT SPECIFIED","135,283,000",""
"SURVEY","2016","OCT","","NATIONAL","US TOTAL","","","","","","","","00000000","","BUTTER","BUTTER - PRODUCTION, MEASURED IN LB","TOTAL","NOT SPECIFIED","139,858,000",""
"SURVEY","2016","NOV","","NATIONAL","US TOTAL","","","","","","","","00000000","","BUTTER","BUTTER - PRODUCTION, MEASURED IN LB","TOTAL","NOT SPECIFIED","143,086,000",""
"SURVEY","2016","DEC","","NATIONAL","US TOTAL","","","","","","","","00000000","","BUTTER","BUTTER - PRODUCTION, MEASURED IN LB","TOTAL","NOT SPECIFIED","163,453,000",""
"SURVEY","2015","JAN","","NATIONAL","US TOTAL","","","","","","","","00000000","","BUTTER","BUTTER - PRODUCTION, MEASURED IN LB","TOTAL","NOT SPECIFIED","173,634,000",""
"SURVEY","2015","FEB","","NATIONAL","US TOTAL","","","","","","","","00000000","","BUTTER","BUTTER - PRODUCTION, MEASURED IN LB","TOTAL","NOT SPECIFIED","155,976,000",""
"SURVEY","2015","MAR","","NATIONAL","US TOTAL","","","","","","","","00000000","","BUTTER","BUTTER - PRODUCTION, MEASURED IN LB","TOTAL","NOT SPECIFIED","167,816,000",""
"SURVEY","2015","APR","","NATIONAL","US TOTAL","","","","","","","","00000000","","BUTTER","BUTTER - PRODUCTION, MEASURED IN LB","TOTAL","NOT SPECIFIED","165,457,000",""
"SURVEY","2015","MAY","","NATIONAL","US TOTAL","","","","","","","","00000000","","BUTTER","BUTTER - PRODUCTION, MEASURED IN LB","TOTAL","NOT SPECIFIED","169,409,000",""
"SURVEY","2015","JUN","","NATIONAL","US TOTAL","","","","","","","","00000000","","BUTTER","BUTTER - PRODUCTION, MEASURED IN LB","TOTAL","NOT SPECIFIED","143,692,000",""
"SURVEY","2015","JUL","","NATIONAL","US TOTAL","","","","","","","","00000000","","BUTTER","BUTTER - PRODUCTION, MEASURED IN LB","TOTAL","NOT SPECIFIED","135,525,000",""
"SURVEY","2015","AUG","","NATIONAL","US TOTAL","","","","","","","","00000000","","BUTTER","BUTTER - PRODUCTION, MEASURED IN LB","TOTAL","NOT SPECIFIED","128,072,000",""
"SURVEY","2015","SEP","","NATIONAL","US TOTAL","","","","","","","","00000000","","BUTTER","BUTTER - PRODUCTION, MEASURED IN LB","TOTAL","NOT SPECIFIED","133,652,000",""
"SURVEY","2015","OCT","","NATIONAL","US TOTAL","","","","","","","","00000000","","BUTTER","BUTTER - PRODUCTION, MEASURED IN LB","TOTAL","NOT SPECIFIED","148,414,000",""
"SURVEY","2015","NOV","","NATIONAL","US TOTAL","","","","","","","","00000000","","BUTTER","BUTTER - PRODUCTION, MEASURED IN LB","TOTAL","NOT SPECIFIED","152,323,000",""
"SURVEY","2015","DEC","","NATIONAL","US TOTAL","","","","","","","","00000000","","BUTTER","BUTTER - PRODUCTION, MEASURED IN LB","TOTAL","NOT SPECIFIED","175,549,000",""
"SURVEY","2014","JAN","","NATIONAL","US TOTAL","","","","","","","","00000000","","BUTTER","BUTTER - PRODUCTION, MEASURED IN LB","TOTAL","NOT SPECIFIED","184,030,000",""
"SURVEY","2014","FEB","","NATIONAL","US TOTAL","","","","","","","","00000000","","BUTTER","BUTTER - PRODUCTION, MEASURED IN LB","TOTAL","NOT SPECIFIED","166,097,000",""
"SURVEY","2014","MAR","","NATIONAL","US TOTAL","","","","","","","","00000000","","BUTTER","BUTTER - PRODUCTION, MEASURED IN LB","TOTAL","NOT SPECIFIED","166,626,000",""
"SURVEY","2014","APR","","NATIONAL","US TOTAL","","","","","","","","00000000","","BUTTER","BUTTER - PRODUCTION, MEASURED IN LB","TOTAL","NOT SPECIFIED","167,730,000",""
"SURVEY","2014","MAY","","NATIONAL","US TOTAL","","","","","","","","00000000","","BUTTER","BUTTER - PRODUCTION, MEASURED IN LB","TOTAL","NOT SPECIFIED","166,285,000",""
"SURVEY","2014","JUN","","NATIONAL","US TOTAL","","","","","","","","00000000","","BUTTER","BUTTER - PRODUCTION, MEASURED IN LB","TOTAL","NOT SPECIFIED","140,391,000",""
"SURVEY","2014","JUL","","NATIONAL","US TOTAL","","","","","","","","00000000","","BUTTER","BUTTER - PRODUCTION, MEASURED IN LB","TOTAL","NOT SPECIFIED","137,788,000",""
"SURVEY","2014","AUG","","NATIONAL","US TOTAL","","","","","","","","00000000","","BUTTER","BUTTER - PRODUCTION, MEASURED IN LB","TOTAL","NOT SPECIFIED","129,092,000",""
"SURVEY","2014","SEP","","NATIONAL","US TOTAL","","","","","","","","00000000","","BUTTER","BUTTER - PRODUCTION, MEASURED IN LB","TOTAL","NOT SPECIFIED","131,802,000",""
"SURVEY","2014","OCT","","NATIONAL","US TOTAL","","","","","","","","00000000","","BUTTER","BUTTER - PRODUCTION, MEASURED IN LB","TOTAL","NOT SPECIFIED","151,201,000",""
"SURVEY","2014","NOV","","NATIONAL","US TOTAL","","","","","","","","00000000","","BUTTER","BUTTER - PRODUCTION, MEASURED IN LB","TOTAL","NOT SPECIFIED","144,518,000",""
"SURVEY","2014","DEC","","NATIONAL","US TOTAL","","","","","","","","00000000","","BUTTER","BUTTER - PRODUCTION, MEASURED IN LB","TOTAL","NOT SPECIFIED","169,755,000",""
"SURVEY","2013","JAN","","NATIONAL","US TOTAL","","","","","","","","00000000","","BUTTER","BUTTER - PRODUCTION, MEASURED IN LB","TOTAL","NOT SPECIFIED","188,037,000",""
"SURVEY","2013","FEB","","NATIONAL","US TOTAL","","","","","","","","00000000","","BUTTER","BUTTER - PRODUCTION, MEASURED IN LB","TOTAL","NOT SPECIFIED","173,335,000",""
"SURVEY","2013","MAR","","NATIONAL","US TOTAL","","","","","","","","00000000","","BUTTER","BUTTER - PRODUCTION, MEASURED IN LB","TOTAL","NOT SPECIFIED","181,421,000",""
"SURVEY","2013","APR","","NATIONAL","US TOTAL","","","","","","","","00000000","","BUTTER","BUTTER - PRODUCTION, MEASURED IN LB","TOTAL","NOT SPECIFIED","166,658,000",""
"SURVEY","2013","MAY","","NATIONAL","US TOTAL","","","","","","","","00000000","","BUTTER","BUTTER - PRODUCTION, MEASURED IN LB","TOTAL","NOT SPECIFIED","163,785,000",""
"SURVEY","2013","JUN","","NATIONAL","US TOTAL","","","","","","","","00000000","","BUTTER","BUTTER - PRODUCTION, MEASURED IN LB","TOTAL","NOT SPECIFIED","140,124,000",""
"SURVEY","2013","JUL","","NATIONAL","US TOTAL","","","","","","","","00000000","","BUTTER","BUTTER - PRODUCTION, MEASURED IN LB","TOTAL","NOT SPECIFIED","132,746,000",""
"SURVEY","2013","AUG","","NATIONAL","US TOTAL","","","","","","","","00000000","","BUTTER","BUTTER - PRODUCTION, MEASURED IN LB","TOTAL","NOT SPECIFIED","134,370,000",""
"SURVEY","2013","SEP","","NATIONAL","US TOTAL","","","","","","","","00000000","","BUTTER","BUTTER - PRODUCTION, MEASURED IN LB","TOTAL","NOT SPECIFIED","132,232,000",""
"SURVEY","2013","OCT","","NATIONAL","US TOTAL","","","","","","","","00000000","","BUTTER","BUTTER - PRODUCTION, MEASURED IN LB","TOTAL","NOT SPECIFIED","145,886,000",""
"SURVEY","2013","NOV","","NATIONAL","US TOTAL","","","","","","","","00000000","","BUTTER","BUTTER - PRODUCTION, MEASURED IN LB","TOTAL","NOT SPECIFIED","142,192,000",""
"SURVEY","2013","DEC","","NATIONAL","US TOTAL","","","","","","","","00000000","","BUTTER","BUTTER - PRODUCTION, MEASURED IN LB","TOTAL","NOT SPECIFIED","161,730,000",""
"SURVEY","2012","JAN","","NATIONAL","US TOTAL","","","","","","","","00000000","","BUTTER","BUTTER - PRODUCTION, MEASURED IN LB","TOTAL","NOT SPECIFIED","181,563,000",""
"SURVEY","2012","FEB","","NATIONAL","US TOTAL","","","","","","","","00000000","","BUTTER","BUTTER - PRODUCTION, MEASURED IN LB","TOTAL","NOT SPECIFIED","170,575,000",""
"SURVEY","2012","MAR","","NATIONAL","US TOTAL","","","","","","","","00000000","","BUTTER","BUTTER - PRODUCTION, MEASURED IN LB","TOTAL","NOT SPECIFIED","176,287,000",""
"SURVEY","2012","APR","","NATIONAL","US TOTAL","","","","","","","","00000000","","BUTTER","BUTTER - PRODUCTION, MEASURED IN LB","TOTAL","NOT SPECIFIED","169,896,000",""
"SURVEY","2012","MAY","","NATIONAL","US TOTAL","","","","","","","","00000000","","BUTTER","BUTTER - PRODUCTION, MEASURED IN LB","TOTAL","NOT SPECIFIED","164,133,000",""
"SURVEY","2012","JUN","","NATIONAL","US TOTAL","","","","","","","","00000000","","BUTTER","BUTTER - PRODUCTION, MEASURED IN LB","TOTAL","NOT SPECIFIED","137,046,000",""
"SURVEY","2012","JUL","","NATIONAL","US TOTAL","","","","","","","","00000000","","BUTTER","BUTTER - PRODUCTION, MEASURED IN LB","TOTAL","NOT SPECIFIED","133,581,000",""
"SURVEY","2012","AUG","","NATIONAL","US TOTAL","","","","","","","","00000000","","BUTTER","BUTTER - PRODUCTION, MEASURED IN LB","TOTAL","NOT SPECIFIED","129,531,000",""
"SURVEY","2012","SEP","","NATIONAL","US TOTAL","","","","","","","","00000000","","BUTTER","BUTTER - PRODUCTION, MEASURED IN LB","TOTAL","NOT SPECIFIED","136,299,000",""
"SURVEY","2012","OCT","","NATIONAL","US TOTAL","","","","","","","","00000000","","BUTTER","BUTTER - PRODUCTION, MEASURED IN LB","TOTAL","NOT SPECIFIED","144,544,000",""
"SURVEY","2012","NOV","","NATIONAL","US TOTAL","","","","","","","","00000000","","BUTTER","BUTTER - PRODUCTION, MEASURED IN LB","TOTAL","NOT SPECIFIED","142,938,000",""
"SURVEY","2012","DEC","","NATIONAL","US TOTAL","","","","","","","","00000000","","BUTTER","BUTTER - PRODUCTION, MEASURED IN LB","TOTAL","NOT SPECIFIED","173,144,000",""
"SURVEY","2011","JAN","","NATIONAL","US TOTAL","","","","","","","","00000000","","BUTTER","BUTTER - PRODUCTION, MEASURED IN LB","TOTAL","NOT SPECIFIED","167,058,000",""
"SURVEY","2011","FEB","","NATIONAL","US TOTAL","","","","","","","","00000000","","BUTTER","BUTTER - PRODUCTION, MEASURED IN LB","TOTAL","NOT SPECIFIED","150,070,000",""
"SURVEY","2011","MAR","","NATIONAL","US TOTAL","","","","","","","","00000000","","BUTTER","BUTTER - PRODUCTION, MEASURED IN LB","TOTAL","NOT SPECIFIED","165,358,000",""
"SURVEY","2011","APR","","NATIONAL","US TOTAL","","","","","","","","00000000","","BUTTER","BUTTER - PRODUCTION, MEASURED IN LB","TOTAL","NOT SPECIFIED","158,670,000",""
"SURVEY","2011","MAY","","NATIONAL","US TOTAL","","","","","","","","00000000","","BUTTER","BUTTER - PRODUCTION, MEASURED IN LB","TOTAL","NOT SPECIFIED","155,873,000",""
"SURVEY","2011","JUN","","NATIONAL","US TOTAL","","","","","","","","00000000","","BUTTER","BUTTER - PRODUCTION, MEASURED IN LB","TOTAL","NOT SPECIFIED","141,293,000",""
"SURVEY","2011","JUL","","NATIONAL","US TOTAL","","","","","","","","00000000","","BUTTER","BUTTER - PRODUCTION, MEASURED IN LB","TOTAL","NOT SPECIFIED","135,460,000",""
"SURVEY","2011","AUG","","NATIONAL","US TOTAL","","","","","","","","00000000","","BUTTER","BUTTER - PRODUCTION, MEASURED IN LB","TOTAL","NOT SPECIFIED","133,748,000",""
"SURVEY","2011","SEP","","NATIONAL","US TOTAL","","","","","","","","00000000","","BUTTER","BUTTER - PRODUCTION, MEASURED IN LB","TOTAL","NOT SPECIFIED","137,907,000",""
"SURVEY","2011","OCT","","NATIONAL","US TOTAL","","","","","","","","00000000","","BUTTER","BUTTER - PRODUCTION, MEASURED IN LB","TOTAL","NOT SPECIFIED","145,667,000",""
"SURVEY","2011","NOV","","NATIONAL","US TOTAL","","","","","","","","00000000","","BUTTER","BUTTER - PRODUCTION, MEASURED IN LB","TOTAL","NOT SPECIFIED","152,781,000",""
"SURVEY","2011","DEC","","NATIONAL","US TOTAL","","","","","","","","00000000","","BUTTER","BUTTER - PRODUCTION, MEASURED IN LB","TOTAL","NOT SPECIFIED","165,866,000",""
"SURVEY","2010","JAN","","NATIONAL","US TOTAL","","","","","","","","00000000","","BUTTER","BUTTER - PRODUCTION, MEASURED IN LB","TOTAL","NOT SPECIFIED","162,360,000",""
"SURVEY","2010","FEB","","NATIONAL","US TOTAL","","","","","","","","00000000","","BUTTER","BUTTER - PRODUCTION, MEASURED IN LB","TOTAL","NOT SPECIFIED","140,177,000",""
"SURVEY","2010","MAR","","NATIONAL","US TOTAL","","","","","","","","00000000","","BUTTER","BUTTER - PRODUCTION, MEASURED IN LB","TOTAL","NOT SPECIFIED","139,254,000",""
"SURVEY","2010","APR","","NATIONAL","US TOTAL","","","","","","","","00000000","","BUTTER","BUTTER - PRODUCTION, MEASURED IN LB","TOTAL","NOT SPECIFIED","133,078,000",""
"SURVEY","2010","MAY","","NATIONAL","US TOTAL","","","","","","","","00000000","","BUTTER","BUTTER - PRODUCTION, MEASURED IN LB","TOTAL","NOT SPECIFIED","131,903,000",""
"SURVEY","2010","JUN","","NATIONAL","US TOTAL","","","","","","","","00000000","","BUTTER","BUTTER - PRODUCTION, MEASURED IN LB","TOTAL","NOT SPECIFIED","117,113,000",""
"SURVEY","2010","JUL","","NATIONAL","US TOTAL","","","","","","","","00000000","","BUTTER","BUTTER - PRODUCTION, MEASURED IN LB","TOTAL","NOT SPECIFIED","111,213,000",""
"SURVEY","2010","AUG","","NATIONAL","US TOTAL","","","","","","","","00000000","","BUTTER","BUTTER - PRODUCTION, MEASURED IN LB","TOTAL","NOT SPECIFIED","101,548,000",""
"SURVEY","2010","SEP","","NATIONAL","US TOTAL","","","","","","","","00000000","","BUTTER","BUTTER - PRODUCTION, MEASURED IN LB","TOTAL","NOT SPECIFIED","113,786,000",""
"SURVEY","2010","OCT","","NATIONAL","US TOTAL","","","","","","","","00000000","","BUTTER","BUTTER - PRODUCTION, MEASURED IN LB","TOTAL","NOT SPECIFIED","122,221,000",""
"SURVEY","2010","NOV","","NATIONAL","US TOTAL","","","","","","","","00000000","","BUTTER","BUTTER - PRODUCTION, MEASURED IN LB","TOTAL","NOT SPECIFIED","133,535,000",""
"SURVEY","2010","DEC","","NATIONAL","US TOTAL","","","","","","","","00000000","","BUTTER","BUTTER - PRODUCTION, MEASURED IN LB","TOTAL","NOT SPECIFIED","157,784,000",""
"SURVEY","2009","JAN","","NATIONAL","US TOTAL","","","","","","","","00000000","","BUTTER","BUTTER - PRODUCTION, MEASURED IN LB","TOTAL","NOT SPECIFIED","176,662,000",""
"SURVEY","2009","FEB","","NATIONAL","US TOTAL","","","","","","","","00000000","","BUTTER","BUTTER - PRODUCTION, MEASURED IN LB","TOTAL","NOT SPECIFIED","147,159,000",""
"SURVEY","2009","MAR","","NATIONAL","US TOTAL","","","","","","","","00000000","","BUTTER","BUTTER - PRODUCTION, MEASURED IN LB","TOTAL","NOT SPECIFIED","146,976,000",""
"SURVEY","2009","APR","","NATIONAL","US TOTAL","","","","","","","","00000000","","BUTTER","BUTTER - PRODUCTION, MEASURED IN LB","TOTAL","NOT SPECIFIED","141,737,000",""
"SURVEY","2009","MAY","","NATIONAL","US TOTAL","","","","","","","","00000000","","BUTTER","BUTTER - PRODUCTION, MEASURED IN LB","TOTAL","NOT SPECIFIED","139,179,000",""
"SURVEY","2009","JUN","","NATIONAL","US TOTAL","","","","","","","","00000000","","BUTTER","BUTTER - PRODUCTION, MEASURED IN LB","TOTAL","NOT SPECIFIED","125,303,000",""
"SURVEY","2009","JUL","","NATIONAL","US TOTAL","","","","","","","","00000000","","BUTTER","BUTTER - PRODUCTION, MEASURED IN LB","TOTAL","NOT SPECIFIED","114,391,000",""
"SURVEY","2009","AUG","","NATIONAL","US TOTAL","","","","","","","","00000000","","BUTTER","BUTTER - PRODUCTION, MEASURED IN LB","TOTAL","NOT SPECIFIED","101,032,000",""
"SURVEY","2009","SEP","","NATIONAL","US TOTAL","","","","","","","","00000000","","BUTTER","BUTTER - PRODUCTION, MEASURED IN LB","TOTAL","NOT SPECIFIED","94,741,000",""
"SURVEY","2009","OCT","","NATIONAL","US TOTAL","","","","","","","","00000000","","BUTTER","BUTTER - PRODUCTION, MEASURED IN LB","TOTAL","NOT SPECIFIED","113,078,000",""
"SURVEY","2009","NOV","","NATIONAL","US TOTAL","","","","","","","","00000000","","BUTTER","BUTTER - PRODUCTION, MEASURED IN LB","TOTAL","NOT SPECIFIED","120,932,000",""
"SURVEY","2009","DEC","","NATIONAL","US TOTAL","","","","","","","","00000000","","BUTTER","BUTTER - PRODUCTION, MEASURED IN LB","TOTAL","NOT SPECIFIED","151,298,000",""
"SURVEY","2008","JAN","","NATIONAL","US TOTAL","","","","","","","","00000000","","BUTTER","BUTTER - PRODUCTION, MEASURED IN LB","TOTAL","NOT SPECIFIED","169,217,000",""
"SURVEY","2008","FEB","","NATIONAL","US TOTAL","","","","","","","","00000000","","BUTTER","BUTTER - PRODUCTION, MEASURED IN LB","TOTAL","NOT SPECIFIED","146,737,000",""
"SURVEY","2008","MAR","","NATIONAL","US TOTAL","","","","","","","","00000000","","BUTTER","BUTTER - PRODUCTION, MEASURED IN LB","TOTAL","NOT SPECIFIED","149,851,000",""
"SURVEY","2008","APR","","NATIONAL","US TOTAL","","","","","","","","00000000","","BUTTER","BUTTER - PRODUCTION, MEASURED IN LB","TOTAL","NOT SPECIFIED","149,984,000",""
"SURVEY","2008","MAY","","NATIONAL","US TOTAL","","","","","","","","00000000","","BUTTER","BUTTER - PRODUCTION, MEASURED IN LB","TOTAL","NOT SPECIFIED","139,858,000",""
"SURVEY","2008","JUN","","NATIONAL","US TOTAL","","","","","","","","00000000","","BUTTER","BUTTER - PRODUCTION, MEASURED IN LB","TOTAL","NOT SPECIFIED","116,713,000",""
"SURVEY","2008","JUL","","NATIONAL","US TOTAL","","","","","","","","00000000","","BUTTER","BUTTER - PRODUCTION, MEASURED IN LB","TOTAL","NOT SPECIFIED","114,185,000",""
"SURVEY","2008","AUG","","NATIONAL","US TOTAL","","","","","","","","00000000","","BUTTER","BUTTER - PRODUCTION, MEASURED IN LB","TOTAL","NOT SPECIFIED","115,939,000",""
"SURVEY","2008","SEP","","NATIONAL","US TOTAL","","","","","","","","00000000","","BUTTER","BUTTER - PRODUCTION, MEASURED IN LB","TOTAL","NOT SPECIFIED","121,035,000",""
"SURVEY","2008","OCT","","NATIONAL","US TOTAL","","","","","","","","00000000","","BUTTER","BUTTER - PRODUCTION, MEASURED IN LB","TOTAL","NOT SPECIFIED","130,633,000",""
"SURVEY","2008","NOV","","NATIONAL","US TOTAL","","","","","","","","00000000","","BUTTER","BUTTER - PRODUCTION, MEASURED IN LB","TOTAL","NOT SPECIFIED","133,585,000",""
"SURVEY","2008","DEC","","NATIONAL","US TOTAL","","","","","","","","00000000","","BUTTER","BUTTER - PRODUCTION, MEASURED IN LB","TOTAL","NOT SPECIFIED","156,339,000",""
"SURVEY","2007","JAN","","NATIONAL","US TOTAL","","","","","","","","00000000","","BUTTER","BUTTER - PRODUCTION, MEASURED IN LB","TOTAL","NOT SPECIFIED","150,588,000",""
"SURVEY","2007","FEB","","NATIONAL","US TOTAL","","","","","","","","00000000","","BUTTER","BUTTER - PRODUCTION, MEASURED IN LB","TOTAL","NOT SPECIFIED","133,961,000",""
"SURVEY","2007","MAR","","NATIONAL","US TOTAL","","","","","","","","00000000","","BUTTER","BUTTER - PRODUCTION, MEASURED IN LB","TOTAL","NOT SPECIFIED","138,365,000",""
"SURVEY","2007","APR","","NATIONAL","US TOTAL","","","","","","","","00000000","","BUTTER","BUTTER - PRODUCTION, MEASURED IN LB","TOTAL","NOT SPECIFIED","133,024,000",""
"SURVEY","2007","MAY","","NATIONAL","US TOTAL","","","","","","","","00000000","","BUTTER","BUTTER - PRODUCTION, MEASURED IN LB","TOTAL","NOT SPECIFIED","123,981,000",""
"SURVEY","2007","JUN","","NATIONAL","US TOTAL","","","","","","","","00000000","","BUTTER","BUTTER - PRODUCTION, MEASURED IN LB","TOTAL","NOT SPECIFIED","109,964,000",""
"SURVEY","2007","JUL","","NATIONAL","US TOTAL","","","","","","","","00000000","","BUTTER","BUTTER - PRODUCTION, MEASURED IN LB","TOTAL","NOT SPECIFIED","116,484,000",""
"SURVEY","2007","AUG","","NATIONAL","US TOTAL","","","","","","","","00000000","","BUTTER","BUTTER - PRODUCTION, MEASURED IN LB","TOTAL","NOT SPECIFIED","110,909,000",""
"SURVEY","2007","SEP","","NATIONAL","US TOTAL","","","","","","","","00000000","","BUTTER","BUTTER - PRODUCTION, MEASURED IN LB","TOTAL","NOT SPECIFIED","112,849,000",""
"SURVEY","2007","OCT","","NATIONAL","US TOTAL","","","","","","","","00000000","","BUTTER","BUTTER - PRODUCTION, MEASURED IN LB","TOTAL","NOT SPECIFIED","130,343,000",""
"SURVEY","2007","NOV","","NATIONAL","US TOTAL","","","","","","","","00000000","","BUTTER","BUTTER - PRODUCTION, MEASURED IN LB","TOTAL","NOT SPECIFIED","130,774,000",""
"SURVEY","2007","DEC","","NATIONAL","US TOTAL","","","","","","","","00000000","","BUTTER","BUTTER - PRODUCTION, MEASURED IN LB","TOTAL","NOT SPECIFIED","141,475,000",""
"SURVEY","2006","JAN","","NATIONAL","US TOTAL","","","","","","","","00000000","","BUTTER","BUTTER - PRODUCTION, MEASURED IN LB","TOTAL","NOT SPECIFIED","149,830,000",""
"SURVEY","2006","FEB","","NATIONAL","US TOTAL","","","","","","","","00000000","","BUTTER","BUTTER - PRODUCTION, MEASURED IN LB","TOTAL","NOT SPECIFIED","136,872,000",""
"SURVEY","2006","MAR","","NATIONAL","US TOTAL","","","","","","","","00000000","","BUTTER","BUTTER - PRODUCTION, MEASURED IN LB","TOTAL","NOT SPECIFIED","141,711,000",""
"SURVEY","2006","APR","","NATIONAL","US TOTAL","","","","","","","","00000000","","BUTTER","BUTTER - PRODUCTION, MEASURED IN LB","TOTAL","NOT SPECIFIED","127,666,000",""
"SURVEY","2006","MAY","","NATIONAL","US TOTAL","","","","","","","","00000000","","BUTTER","BUTTER - PRODUCTION, MEASURED IN LB","TOTAL","NOT SPECIFIED","128,546,000",""
"SURVEY","2006","JUN","","NATIONAL","US TOTAL","","","","","","","","00000000","","BUTTER","BUTTER - PRODUCTION, MEASURED IN LB","TOTAL","NOT SPECIFIED","101,095,000",""
"SURVEY","2006","JUL","","NATIONAL","US TOTAL","","","","","","","","00000000","","BUTTER","BUTTER - PRODUCTION, MEASURED IN LB","TOTAL","NOT SPECIFIED","94,731,000",""
"SURVEY","2006","AUG","","NATIONAL","US TOTAL","","","","","","","","00000000","","BUTTER","BUTTER - PRODUCTION, MEASURED IN LB","TOTAL","NOT SPECIFIED","88,885,000",""
"SURVEY","2006","SEP","","NATIONAL","US TOTAL","","","","","","","","00000000","","BUTTER","BUTTER - PRODUCTION, MEASURED IN LB","TOTAL","NOT SPECIFIED","104,299,000",""
"SURVEY","2006","OCT","","NATIONAL","US TOTAL","","","","","","","","00000000","","BUTTER","BUTTER - PRODUCTION, MEASURED IN LB","TOTAL","NOT SPECIFIED","119,132,000",""
"SURVEY","2006","NOV","","NATIONAL","US TOTAL","","","","","","","","00000000","","BUTTER","BUTTER - PRODUCTION, MEASURED IN LB","TOTAL","NOT SPECIFIED","118,104,000",""
"SURVEY","2006","DEC","","NATIONAL","US TOTAL","","","","","","","","00000000","","BUTTER","BUTTER - PRODUCTION, MEASURED IN LB","TOTAL","NOT SPECIFIED","137,557,000",""
"SURVEY","2005","JAN","","NATIONAL","US TOTAL","","","","","","","","00000000","","BUTTER","BUTTER - PRODUCTION, MEASURED IN LB","TOTAL","NOT SPECIFIED","128,032,000",""
"SURVEY","2005","FEB","","NATIONAL","US TOTAL","","","","","","","","00000000","","BUTTER","BUTTER - PRODUCTION, MEASURED IN LB","TOTAL","NOT SPECIFIED","116,938,000",""
"SURVEY","2005","MAR","","NATIONAL","US TOTAL","","","","","","","","00000000","","BUTTER","BUTTER - PRODUCTION, MEASURED IN LB","TOTAL","NOT SPECIFIED","122,413,000",""
"SURVEY","2005","APR","","NATIONAL","US TOTAL","","","","","","","","00000000","","BUTTER","BUTTER - PRODUCTION, MEASURED IN LB","TOTAL","NOT SPECIFIED","117,072,000",""
"SURVEY","2005","MAY","","NATIONAL","US TOTAL","","","","","","","","00000000","","BUTTER","BUTTER - PRODUCTION, MEASURED IN LB","TOTAL","NOT SPECIFIED","120,726,000",""
"SURVEY","2005","JUN","","NATIONAL","US TOTAL","","","","","","","","00000000","","BUTTER","BUTTER - PRODUCTION, MEASURED IN LB","TOTAL","NOT SPECIFIED","106,570,000",""
"SURVEY","2005","JUL","","NATIONAL","US TOTAL","","","","","","","","00000000","","BUTTER","BUTTER - PRODUCTION, MEASURED IN LB","TOTAL","NOT SPECIFIED","95,940,000",""
"SURVEY","2005","AUG","","NATIONAL","US TOTAL","","","","","","","","00000000","","BUTTER","BUTTER - PRODUCTION, MEASURED IN LB","TOTAL","NOT SPECIFIED","93,205,000",""
"SURVEY","2005","SEP","","NATIONAL","US TOTAL","","","","","","","","00000000","","BUTTER","BUTTER - PRODUCTION, MEASURED IN LB","TOTAL","NOT SPECIFIED","100,658,000",""
"SURVEY","2005","OCT","","NATIONAL","US TOTAL","","","","","","","","00000000","","BUTTER","BUTTER - PRODUCTION, MEASURED IN LB","TOTAL","NOT SPECIFIED","108,926,000",""
"SURVEY","2005","NOV","","NATIONAL","US TOTAL","","","","","","","","00000000","","BUTTER","BUTTER - PRODUCTION, MEASURED IN LB","TOTAL","NOT SPECIFIED","110,917,000",""
"SURVEY","2005","DEC","","NATIONAL","US TOTAL","","","","","","","","00000000","","BUTTER","BUTTER - PRODUCTION, MEASURED IN LB","TOTAL","NOT SPECIFIED","125,964,000",""
"SURVEY","2004","JAN","","NATIONAL","US TOTAL","","","","","","","","00000000","","BUTTER","BUTTER - PRODUCTION, MEASURED IN LB","TOTAL","NOT SPECIFIED","129,346,000",""
"SURVEY","2004","FEB","","NATIONAL","US TOTAL","","","","","","","","00000000","","BUTTER","BUTTER - PRODUCTION, MEASURED IN LB","TOTAL","NOT SPECIFIED","108,593,000",""
"SURVEY","2004","MAR","","NATIONAL","US TOTAL","","","","","","","","00000000","","BUTTER","BUTTER - PRODUCTION, MEASURED IN LB","TOTAL","NOT SPECIFIED","100,383,000",""
"SURVEY","2004","APR","","NATIONAL","US TOTAL","","","","","","","","00000000","","BUTTER","BUTTER - PRODUCTION, MEASURED IN LB","TOTAL","NOT SPECIFIED","100,324,000",""
"SURVEY","2004","MAY","","NATIONAL","US TOTAL","","","","","","","","00000000","","BUTTER","BUTTER - PRODUCTION, MEASURED IN LB","TOTAL","NOT SPECIFIED","110,120,000",""
"SURVEY","2004","JUN","","NATIONAL","US TOTAL","","","","","","","","00000000","","BUTTER","BUTTER - PRODUCTION, MEASURED IN LB","TOTAL","NOT SPECIFIED","99,156,000",""
"SURVEY","2004","JUL","","NATIONAL","US TOTAL","","","","","","","","00000000","","BUTTER","BUTTER - PRODUCTION, MEASURED IN LB","TOTAL","NOT SPECIFIED","92,615,000",""
"SURVEY","2004","AUG","","NATIONAL","US TOTAL","","","","","","","","00000000","","BUTTER","BUTTER - PRODUCTION, MEASURED IN LB","TOTAL","NOT SPECIFIED","90,329,000",""
"SURVEY","2004","SEP","","NATIONAL","US TOTAL","","","","","","","","00000000","","BUTTER","BUTTER - PRODUCTION, MEASURED IN LB","TOTAL","NOT SPECIFIED","94,242,000",""
"SURVEY","2004","OCT","","NATIONAL","US TOTAL","","","","","","","","00000000","","BUTTER","BUTTER - PRODUCTION, MEASURED IN LB","TOTAL","NOT SPECIFIED","104,386,000",""
"SURVEY","2004","NOV","","NATIONAL","US TOTAL","","","","","","","","00000000","","BUTTER","BUTTER - PRODUCTION, MEASURED IN LB","TOTAL","NOT SPECIFIED","98,376,000",""
"SURVEY","2004","DEC","","NATIONAL","US TOTAL","","","","","","","","00000000","","BUTTER","BUTTER - PRODUCTION, MEASURED IN LB","TOTAL","NOT SPECIFIED","118,808,000",""
"SURVEY","2003","JAN","","NATIONAL","US TOTAL","","","","","","","","00000000","","BUTTER","BUTTER - PRODUCTION, MEASURED IN LB","TOTAL","NOT SPECIFIED","141,912,000",""
"SURVEY","2003","FEB","","NATIONAL","US TOTAL","","","","","","","","00000000","","BUTTER","BUTTER - PRODUCTION, MEASURED IN LB","TOTAL","NOT SPECIFIED","128,086,000",""
"SURVEY","2003","MAR","","NATIONAL","US TOTAL","","","","","","","","00000000","","BUTTER","BUTTER - PRODUCTION, MEASURED IN LB","TOTAL","NOT SPECIFIED","126,400,000",""
"SURVEY","2003","APR","","NATIONAL","US TOTAL","","","","","","","","00000000","","BUTTER","BUTTER - PRODUCTION, MEASURED IN LB","TOTAL","NOT SPECIFIED","122,844,000",""
"SURVEY","2003","MAY","","NATIONAL","US TOTAL","","","","","","","","00000000","","BUTTER","BUTTER - PRODUCTION, MEASURED IN LB","TOTAL","NOT SPECIFIED","114,895,000",""
"SURVEY","2003","JUN","","NATIONAL","US TOTAL","","","","","","","","00000000","","BUTTER","BUTTER - PRODUCTION, MEASURED IN LB","TOTAL","NOT SPECIFIED","84,171,000",""
"SURVEY","2003","JUL","","NATIONAL","US TOTAL","","","","","","","","00000000","","BUTTER","BUTTER - PRODUCTION, MEASURED IN LB","TOTAL","NOT SPECIFIED","80,050,000",""
"SURVEY","2003","AUG","","NATIONAL","US TOTAL","","","","","","","","00000000","","BUTTER","BUTTER - PRODUCTION, MEASURED IN LB","TOTAL","NOT SPECIFIED","70,916,000",""
"SURVEY","2003","SEP","","NATIONAL","US TOTAL","","","","","","","","00000000","","BUTTER","BUTTER - PRODUCTION, MEASURED IN LB","TOTAL","NOT SPECIFIED","73,267,000",""
"SURVEY","2003","OCT","","NATIONAL","US TOTAL","","","","","","","","00000000","","BUTTER","BUTTER - PRODUCTION, MEASURED IN LB","TOTAL","NOT SPECIFIED","96,784,000",""
"SURVEY","2003","NOV","","NATIONAL","US TOTAL","","","","","","","","00000000","","BUTTER","BUTTER - PRODUCTION, MEASURED IN LB","TOTAL","NOT SPECIFIED","88,436,000",""
"SURVEY","2003","DEC","","NATIONAL","US TOTAL","","","","","","","","00000000","","BUTTER","BUTTER - PRODUCTION, MEASURED IN LB","TOTAL","NOT SPECIFIED","114,599,000",""
"SURVEY","2002","JAN","","NATIONAL","US TOTAL","","","","","","","","00000000","","BUTTER","BUTTER - PRODUCTION, MEASURED IN LB","TOTAL","NOT SPECIFIED","140,069,000",""
"SURVEY","2002","FEB","","NATIONAL","US TOTAL","","","","","","","","00000000","","BUTTER","BUTTER - PRODUCTION, MEASURED IN LB","TOTAL","NOT SPECIFIED","124,231,000",""
"SURVEY","2002","MAR","","NATIONAL","US TOTAL","","","","","","","","00000000","","BUTTER","BUTTER - PRODUCTION, MEASURED IN LB","TOTAL","NOT SPECIFIED","127,695,000",""
"SURVEY","2002","APR","","NATIONAL","US TOTAL","","","","","","","","00000000","","BUTTER","BUTTER - PRODUCTION, MEASURED IN LB","TOTAL","NOT SPECIFIED","131,605,000",""
"SURVEY","2002","MAY","","NATIONAL","US TOTAL","","","","","","","","00000000","","BUTTER","BUTTER - PRODUCTION, MEASURED IN LB","TOTAL","NOT SPECIFIED","125,484,000",""
"SURVEY","2002","JUN","","NATIONAL","US TOTAL","","","","","","","","00000000","","BUTTER","BUTTER - PRODUCTION, MEASURED IN LB","TOTAL","NOT SPECIFIED","95,818,000",""
"SURVEY","2002","JUL","","NATIONAL","US TOTAL","","","","","","","","00000000","","BUTTER","BUTTER - PRODUCTION, MEASURED IN LB","TOTAL","NOT SPECIFIED","94,409,000",""
"SURVEY","2002","AUG","","NATIONAL","US TOTAL","","","","","","","","00000000","","BUTTER","BUTTER - PRODUCTION, MEASURED IN LB","TOTAL","NOT SPECIFIED","88,883,000",""
"SURVEY","2002","SEP","","NATIONAL","US TOTAL","","","","","","","","00000000","","BUTTER","BUTTER - PRODUCTION, MEASURED IN LB","TOTAL","NOT SPECIFIED","92,818,000",""
"SURVEY","2002","OCT","","NATIONAL","US TOTAL","","","","","","","","00000000","","BUTTER","BUTTER - PRODUCTION, MEASURED IN LB","TOTAL","NOT SPECIFIED","102,613,000",""
"SURVEY","2002","NOV","","NATIONAL","US TOTAL","","","","","","","","00000000","","BUTTER","BUTTER - PRODUCTION, MEASURED IN LB","TOTAL","NOT SPECIFIED","103,932,000",""
"SURVEY","2002","DEC","","NATIONAL","US TOTAL","","","","","","","","00000000","","BUTTER","BUTTER - PRODUCTION, MEASURED IN LB","TOTAL","NOT SPECIFIED","127,590,000",""
"SURVEY","2001","JAN","","NATIONAL","US TOTAL","","","","","","","","00000000","","BUTTER","BUTTER - PRODUCTION, MEASURED IN LB","TOTAL","NOT SPECIFIED","127,091,000",""
"SURVEY","2001","FEB","","NATIONAL","US TOTAL","","","","","","","","00000000","","BUTTER","BUTTER - PRODUCTION, MEASURED IN LB","TOTAL","NOT SPECIFIED","111,541,000",""
"SURVEY","2001","MAR","","NATIONAL","US TOTAL","","","","","","","","00000000","","BUTTER","BUTTER - PRODUCTION, MEASURED IN LB","TOTAL","NOT SPECIFIED","111,124,000",""
"SURVEY","2001","APR","","NATIONAL","US TOTAL","","","","","","","","00000000","","BUTTER","BUTTER - PRODUCTION, MEASURED IN LB","TOTAL","NOT SPECIFIED","108,712,000",""
"SURVEY","2001","MAY","","NATIONAL","US TOTAL","","","","","","","","00000000","","BUTTER","BUTTER - PRODUCTION, MEASURED IN LB","TOTAL","NOT SPECIFIED","110,704,000",""
"SURVEY","2001","JUN","","NATIONAL","US TOTAL","","","","","","","","00000000","","BUTTER","BUTTER - PRODUCTION, MEASURED IN LB","TOTAL","NOT SPECIFIED","86,497,000",""
"SURVEY","2001","JUL","","NATIONAL","US TOTAL","","","","","","","","00000000","","BUTTER","BUTTER - PRODUCTION, MEASURED IN LB","TOTAL","NOT SPECIFIED","82,083,000",""
"SURVEY","2001","AUG","","NATIONAL","US TOTAL","","","","","","","","00000000","","BUTTER","BUTTER - PRODUCTION, MEASURED IN LB","TOTAL","NOT SPECIFIED","75,291,000",""
"SURVEY","2001","SEP","","NATIONAL","US TOTAL","","","","","","","","00000000","","BUTTER","BUTTER - PRODUCTION, MEASURED IN LB","TOTAL","NOT SPECIFIED","86,498,000",""
"SURVEY","2001","OCT","","NATIONAL","US TOTAL","","","","","","","","00000000","","BUTTER","BUTTER - PRODUCTION, MEASURED IN LB","TOTAL","NOT SPECIFIED","109,657,000",""
"SURVEY","2001","NOV","","NATIONAL","US TOTAL","","","","","","","","00000000","","BUTTER","BUTTER - PRODUCTION, MEASURED IN LB","TOTAL","NOT SPECIFIED","99,857,000",""
"SURVEY","2001","DEC","","NATIONAL","US TOTAL","","","","","","","","00000000","","BUTTER","BUTTER - PRODUCTION, MEASURED IN LB","TOTAL","NOT SPECIFIED","122,783,000",""
"SURVEY","2000","JAN","","NATIONAL","US TOTAL","","","","","","","","00000000","","BUTTER","BUTTER - PRODUCTION, MEASURED IN LB","TOTAL","NOT SPECIFIED","138,961,000",""
"SURVEY","2000","FEB","","NATIONAL","US TOTAL","","","","","","","","00000000","","BUTTER","BUTTER - PRODUCTION, MEASURED IN LB","TOTAL","NOT SPECIFIED","127,178,000",""
"SURVEY","2000","MAR","","NATIONAL","US TOTAL","","","","","","","","00000000","","BUTTER","BUTTER - PRODUCTION, MEASURED IN LB","TOTAL","NOT SPECIFIED","119,620,000",""
"SURVEY","2000","APR","","NATIONAL","US TOTAL","","","","","","","","00000000","","BUTTER","BUTTER - PRODUCTION, MEASURED IN LB","TOTAL","NOT SPECIFIED","110,421,000",""
"SURVEY","2000","MAY","","NATIONAL","US TOTAL","","","","","","","","00000000","","BUTTER","BUTTER - PRODUCTION, MEASURED IN LB","TOTAL","NOT SPECIFIED","107,218,000",""
"SURVEY","2000","JUN","","NATIONAL","US TOTAL","","","","","","","","00000000","","BUTTER","BUTTER - PRODUCTION, MEASURED IN LB","TOTAL","NOT SPECIFIED","86,823,000",""
"SURVEY","2000","JUL","","NATIONAL","US TOTAL","","","","","","","","00000000","","BUTTER","BUTTER - PRODUCTION, MEASURED IN LB","TOTAL","NOT SPECIFIED","82,595,000",""
"SURVEY","2000","AUG","","NATIONAL","US TOTAL","","","","","","","","00000000","","BUTTER","BUTTER - PRODUCTION, MEASURED IN LB","TOTAL","NOT SPECIFIED","80,734,000",""
"SURVEY","2000","SEP","","NATIONAL","US TOTAL","","","","","","","","00000000","","BUTTER","BUTTER - PRODUCTION, MEASURED IN LB","TOTAL","NOT SPECIFIED","87,264,000",""
"SURVEY","2000","OCT","","NATIONAL","US TOTAL","","","","","","","","00000000","","BUTTER","BUTTER - PRODUCTION, MEASURED IN LB","TOTAL","NOT SPECIFIED","101,654,000",""
"SURVEY","2000","NOV","","NATIONAL","US TOTAL","","","","","","","","00000000","","BUTTER","BUTTER - PRODUCTION, MEASURED IN LB","TOTAL","NOT SPECIFIED","100,629,000",""
"SURVEY","2000","DEC","","NATIONAL","US TOTAL","","","","","","","","00000000","","BUTTER","BUTTER - PRODUCTION, MEASURED IN LB","TOTAL","NOT SPECIFIED","112,935,000",""
"SURVEY","1999","JAN","","NATIONAL","US TOTAL","","","","","","","","00000000","","BUTTER","BUTTER - PRODUCTION, MEASURED IN LB","TOTAL","NOT SPECIFIED","129,374,000",""
"SURVEY","1999","FEB","","NATIONAL","US TOTAL","","","","","","","","00000000","","BUTTER","BUTTER - PRODUCTION, MEASURED IN LB","TOTAL","NOT SPECIFIED","120,311,000",""
"SURVEY","1999","MAR","","NATIONAL","US TOTAL","","","","","","","","00000000","","BUTTER","BUTTER - PRODUCTION, MEASURED IN LB","TOTAL","NOT SPECIFIED","126,230,000",""
"SURVEY","1999","APR","","NATIONAL","US TOTAL","","","","","","","","00000000","","BUTTER","BUTTER - PRODUCTION, MEASURED IN LB","TOTAL","NOT SPECIFIED","114,342,000",""
"SURVEY","1999","MAY","","NATIONAL","US TOTAL","","","","","","","","00000000","","BUTTER","BUTTER - PRODUCTION, MEASURED IN LB","TOTAL","NOT SPECIFIED","110,377,000",""
"SURVEY","1999","JUN","","NATIONAL","US TOTAL","","","","","","","","00000000","","BUTTER","BUTTER - PRODUCTION, MEASURED IN LB","TOTAL","NOT SPECIFIED","94,691,000",""
"SURVEY","1999","JUL","","NATIONAL","US TOTAL","","","","","","","","00000000","","BUTTER","BUTTER - PRODUCTION, MEASURED IN LB","TOTAL","NOT SPECIFIED","84,458,000",""
"SURVEY","1999","AUG","","NATIONAL","US TOTAL","","","","","","","","00000000","","BUTTER","BUTTER - PRODUCTION, MEASURED IN LB","TOTAL","NOT SPECIFIED","78,188,000",""
"SURVEY","1999","SEP","","NATIONAL","US TOTAL","","","","","","","","00000000","","BUTTER","BUTTER - PRODUCTION, MEASURED IN LB","TOTAL","NOT SPECIFIED","91,581,000",""
"SURVEY","1999","OCT","","NATIONAL","US TOTAL","","","","","","","","00000000","","BUTTER","BUTTER - PRODUCTION, MEASURED IN LB","TOTAL","NOT SPECIFIED","103,762,000",""
"SURVEY","1999","NOV","","NATIONAL","US TOTAL","","","","","","","","00000000","","BUTTER","BUTTER - PRODUCTION, MEASURED IN LB","TOTAL","NOT SPECIFIED","104,488,000",""
"SURVEY","1999","DEC","","NATIONAL","US TOTAL","","","","","","","","00000000","","BUTTER","BUTTER - PRODUCTION, MEASURED IN LB","TOTAL","NOT SPECIFIED","119,288,000",""
